;Train
AAA;29209,0.0353;
AAC;17293,0.0209;
AAG;9376,0.0113;
AAT;16636,0.0201;
ACA;7008,0.0085;
ACC;18023,0.0218;
ACG;12148,0.0147;
ACT;7703,0.0093;
AGA;2657,0.0032;
AGC;12915,0.0156;
AGG;1581,0.0019;
AGT;8104,0.0098;
ATA;5154,0.0062;
ATC;19902,0.0240;
ATG;20541,0.0248;
ATT;25637,0.0310;
CAA;12663,0.0153;
CAC;7690,0.0093;
CAG;23672,0.0286;
CAT;10997,0.0133;
CCA;7209,0.0087;
CCC;4709,0.0057;
CCG;17663,0.0213;
CCT;6186,0.0075;
CGA;3395,0.0041;
CGC;17069,0.0206;
CGG;5129,0.0062;
CGT;16774,0.0203;
CTA;3576,0.0043;
CTC;8846,0.0107;
CTG;41168,0.0497;
CTT;9993,0.0121;
GAA;33163,0.0401;
GAC;15309,0.0185;
GAG;15650,0.0189;
GAT;27560,0.0333;
GCA;17369,0.0210;
GCC;20382,0.0246;
GCG;26007,0.0314;
GCT;12961,0.0157;
GGA;7548,0.0091;
GGC;22500,0.0272;
GGG;9521,0.0115;
GGT;19856,0.0240;
GTA;9184,0.0111;
GTC;12288,0.0148;
GTG;20557,0.0248;
GTT;15455,0.0187;
TAA;0,0.0000;
TAC;9939,0.0120;
TAG;0,0.0000;
TAT;14224,0.0172;
TCA;7146,0.0086;
TCC;7247,0.0088;
TCG;7242,0.0087;
TCT;7429,0.0090;
TGA;2,0.0000;
TGC;5550,0.0067;
TGG;12599,0.0152;
TGT;4654,0.0056;
TTA;12550,0.0152;
TTC;13159,0.0159;
TTG;11098,0.0134;
TTT;19264,0.0233;
Total;828039;