;RF;Train
Codon;;1;2;3;4;5;6
AAA;;33051,0.0241;32752,0.0239;33194,0.0242;33389,0.0243;33604,0.0245;33395,0.0243;
AAC;;24204,0.0176;24496,0.0179;24603,0.0179;23675,0.0173;23956,0.0175;23916,0.0174;
AAG;;18830,0.0137;18123,0.0132;18263,0.0133;18743,0.0137;18966,0.0138;19368,0.0141;
AAT;;25050,0.0183;25317,0.0185;25652,0.0187;25226,0.0184;25335,0.0185;24987,0.0182;
ACA;;18059,0.0132;18139,0.0132;18161,0.0132;17510,0.0128;17235,0.0126;17544,0.0128;
ACC;;22160,0.0162;22203,0.0162;22192,0.0162;20993,0.0153;21314,0.0155;21057,0.0154;
ACG;;21305,0.0155;21004,0.0153;21494,0.0157;20793,0.0152;20691,0.0151;21133,0.0154;
ACT;;14950,0.0109;15106,0.0110;15161,0.0111;14684,0.0107;14562,0.0106;14897,0.0109;
AGA;;16943,0.0124;16962,0.0124;16685,0.0122;17010,0.0124;16880,0.0123;16943,0.0124;
AGC;;23540,0.0172;23532,0.0172;23700,0.0173;23353,0.0170;22807,0.0166;23153,0.0169;
AGG;;14832,0.0108;14598,0.0106;14470,0.0105;15510,0.0113;15406,0.0112;15489,0.0113;
AGT;;14684,0.0107;14897,0.0109;14562,0.0106;14950,0.0109;15161,0.0111;15106,0.0110;
ATA;;20232,0.0147;19469,0.0142;19559,0.0143;19175,0.0140;19465,0.0142;19921,0.0145;
ATC;;25598,0.0187;25583,0.0187;26199,0.0191;24560,0.0179;25113,0.0183;25028,0.0182;
ATG;;22521,0.0164;22134,0.0161;22652,0.0165;23391,0.0171;23349,0.0170;23473,0.0171;
ATT;;25226,0.0184;24987,0.0182;25335,0.0185;25050,0.0183;25652,0.0187;25317,0.0185;
CAA;;22630,0.0165;22983,0.0168;22520,0.0164;22229,0.0162;21853,0.0159;21581,0.0157;
CAC;;20641,0.0150;20273,0.0148;20118,0.0147;18494,0.0135;18683,0.0136;19237,0.0140;
CAG;;30956,0.0226;31016,0.0226;31414,0.0229;30005,0.0219;30766,0.0224;30282,0.0221;
CAT;;23391,0.0171;23473,0.0171;23349,0.0170;22521,0.0164;22652,0.0165;22134,0.0161;
CCA;;25490,0.0186;25696,0.0187;26070,0.0190;24052,0.0175;24321,0.0177;23750,0.0173;
CCC;;15022,0.0110;15349,0.0112;15233,0.0111;13597,0.0099;13465,0.0098;13653,0.0100;
CCG;;25442,0.0185;25426,0.0185;25888,0.0189;25252,0.0184;24716,0.0180;25073,0.0183;
CCT;;15510,0.0113;15489,0.0113;15406,0.0112;14832,0.0108;14470,0.0105;14598,0.0106;
CGA;;20075,0.0146;20146,0.0147;19573,0.0143;20491,0.0149;20232,0.0147;20177,0.0147;
CGC;;33105,0.0241;32305,0.0236;32986,0.0240;31432,0.0229;31605,0.0230;31366,0.0229;
CGG;;25252,0.0184;25073,0.0183;24716,0.0180;25442,0.0185;25888,0.0189;25426,0.0185;
CGT;;20793,0.0152;21133,0.0154;20691,0.0151;21305,0.0155;21494,0.0157;21004,0.0153;
CTA;;8096,0.0059;8053,0.0059;7794,0.0057;7993,0.0058;7785,0.0057;7823,0.0057;
CTC;;13417,0.0098;13119,0.0096;13159,0.0096;12223,0.0089;12537,0.0091;12465,0.0091;
CTG;;30005,0.0219;30282,0.0221;30766,0.0224;30956,0.0226;31414,0.0229;31016,0.0226;
CTT;;18743,0.0137;19368,0.0141;18966,0.0138;18830,0.0137;18263,0.0133;18123,0.0132;
GAA;;24226,0.0177;24560,0.0179;25018,0.0182;25325,0.0185;25545,0.0186;25184,0.0184;
GAC;;15843,0.0115;16534,0.0121;15972,0.0116;16027,0.0117;16309,0.0119;15781,0.0115;
GAG;;12223,0.0089;12465,0.0091;12537,0.0091;13417,0.0098;13159,0.0096;13119,0.0096;
GAT;;24560,0.0179;25028,0.0182;25113,0.0183;25598,0.0187;26199,0.0191;25583,0.0187;
GCA;;28067,0.0205;27952,0.0204;27971,0.0204;27692,0.0202;27438,0.0200;27312,0.0199;
GCC;;27209,0.0198;27361,0.0199;26899,0.0196;25503,0.0186;25958,0.0189;26131,0.0190;
GCG;;31432,0.0229;31366,0.0229;31605,0.0230;33105,0.0241;32986,0.0240;32305,0.0236;
GCT;;23353,0.0170;23153,0.0169;22807,0.0166;23540,0.0172;23700,0.0173;23532,0.0172;
GGA;;16866,0.0123;16890,0.0123;16349,0.0119;17570,0.0128;17149,0.0125;17674,0.0129;
GGC;;25503,0.0186;26131,0.0190;25958,0.0189;27209,0.0198;26899,0.0196;27361,0.0199;
GGG;;13597,0.0099;13653,0.0100;13465,0.0098;15022,0.0110;15233,0.0111;15349,0.0112;
GGT;;20993,0.0153;21057,0.0154;21314,0.0155;22160,0.0162;22192,0.0162;22203,0.0162;
GTA;;15617,0.0114;15051,0.0110;15699,0.0114;15780,0.0115;15809,0.0115;15733,0.0115;
GTC;;16027,0.0117;15781,0.0115;16309,0.0119;15843,0.0115;15972,0.0116;16534,0.0121;
GTG;;18494,0.0135;19237,0.0140;18683,0.0136;20641,0.0150;20118,0.0147;20273,0.0148;
GTT;;23675,0.0173;23916,0.0174;23956,0.0175;24204,0.0176;24603,0.0179;24496,0.0179;
TAA;;20794,0.0152;21413,0.0156;20415,0.0149;20941,0.0153;20677,0.0151;20910,0.0152;
TAC;;15780,0.0115;15733,0.0115;15809,0.0115;15617,0.0114;15699,0.0114;15051,0.0110;
TAG;;7993,0.0058;7823,0.0057;7785,0.0057;8096,0.0059;7794,0.0057;8053,0.0059;
TAT;;19175,0.0140;19921,0.0145;19465,0.0142;20232,0.0147;19559,0.0143;19469,0.0142;
TCA;;26169,0.0191;25638,0.0187;25440,0.0185;24738,0.0180;24261,0.0177;24660,0.0180;
TCC;;17570,0.0128;17674,0.0129;17149,0.0125;16866,0.0123;16349,0.0119;16890,0.0123;
TCG;;20491,0.0149;20177,0.0147;20232,0.0147;20075,0.0146;19573,0.0143;20146,0.0147;
TCT;;17010,0.0124;16943,0.0124;16880,0.0123;16943,0.0124;16685,0.0122;16962,0.0124;
TGA;;24738,0.0180;24660,0.0180;24261,0.0177;26169,0.0191;25440,0.0185;25638,0.0187;
TGC;;27692,0.0202;27312,0.0199;27438,0.0200;28067,0.0205;27971,0.0204;27952,0.0204;
TGG;;24052,0.0175;23750,0.0173;24321,0.0177;25490,0.0186;26070,0.0190;25696,0.0187;
TGT;;17510,0.0128;17544,0.0128;17235,0.0126;18059,0.0132;18161,0.0132;18139,0.0132;
TTA;;20941,0.0153;20910,0.0152;20677,0.0151;20794,0.0152;20415,0.0149;21413,0.0156;
TTC;;25325,0.0185;25184,0.0184;25545,0.0186;24226,0.0177;25018,0.0182;24560,0.0179;
TTG;;22229,0.0162;21581,0.0157;21853,0.0159;22630,0.0165;22520,0.0164;22983,0.0168;
TTT;;33389,0.0243;33395,0.0243;33604,0.0245;33051,0.0241;33194,0.0242;32752,0.0239;
Others;;3438,0.0025;3454,0.0025;3438,0.0025;3438,0.0025;3438,0.0025;3454,0.0025;
Total;;1371734;1371733;1371733;1371734;1371733;1371733;